"Title","vastgoed_advertentie","Afbeelding","ID","Created Date","Updated Date","Owner","URL"
"Achtergevel","083c2ca7-361c-4667-866c-a4b0a52c1e1d","image://v1/50f021_1430e4b8abc44464b9366fa0261cb944~mv2.jpg/1197_960/achtergevel%20waagmeers.jpg","b8835428-7874-45c6-9103-87e604829285",2018-11-16T12:38:39Z,2018-11-16T12:39:05Z,"50f02154-94d5-4c7c-8e73-8b2dba86bb90",
"Voorgevel","083c2ca7-361c-4667-866c-a4b0a52c1e1d","image://v1/50f021_3c858d8d773b4756880156a31693419b~mv2.jpg/1122_960/voorgevel%20waagmeers.jpg","69f527c4-7b9a-41ea-9936-fcb4a595ef29",2018-11-16T12:37:53Z,2018-11-16T12:38:11Z,"50f02154-94d5-4c7c-8e73-8b2dba86bb90",
"Referentie - Tartini01","11105781-e606-43ba-9611-1873eb15e08d","image://v1/e9a9d1_10cf98a8d9924d33bc8c29a535e146bc~mv2.jpg/625_318/Tartini01%5B1%5D.jpg","e81a5440-40af-40f6-8cea-6c13977535c2",2018-09-23T13:00:41Z,2018-09-23T13:33:47Z,"e9a9d102-1095-453d-930e-6b1fe39afdfa",
"Referentie - Corelli01","9d85ab58-31f8-4a88-8a3f-f2395fe28869","image://v1/e9a9d1_2c0b2c61a2884aec8cdbbb7d755dea42~mv2.jpg/625_318/Corelli01%5B1%5D.jpg","73b44410-b5fb-4222-b0b9-fb4642429762",2018-09-23T12:59:56Z,2018-09-23T13:33:58Z,"e9a9d102-1095-453d-930e-6b1fe39afdfa",
"Referentie - LlydaII02","d540769f-8e4c-4078-912e-8fd47cb93a9f","image://v1/e9a9d1_89d28a36f4674551ba00681b88551f93~mv2.jpg/625_318/LlydaII02%5B1%5D.jpg","52e10b8b-0e11-4090-a55e-3ed2a1854018",2018-09-23T12:59:13Z,2018-09-23T13:34:06Z,"e9a9d102-1095-453d-930e-6b1fe39afdfa",
"Referentie - LlydaII01","d540769f-8e4c-4078-912e-8fd47cb93a9f","image://v1/e9a9d1_e0a62651ece041a08bb47f8358e845d5~mv2.jpg/625_318/LlydaII01%5B1%5D.jpg","87fed430-38a9-4880-b35c-4d4f247cc216",2018-09-23T12:58:31Z,2018-09-23T13:34:12Z,"e9a9d102-1095-453d-930e-6b1fe39afdfa",
"Referentie - ZoltanKodaly01","5d686a13-2cd7-4a82-8236-f6f9286db32e","image://v1/e9a9d1_50c61d67456e4bb8ad62a0da7853e8f7~mv2.jpg/625_318/ZoltanKodaly01%5B1%5D.jpg","f6000885-46dc-4305-8671-6b0fbad361c2",2018-09-23T12:57:45Z,2018-09-23T13:34:22Z,"e9a9d102-1095-453d-930e-6b1fe39afdfa",
"Referentie - Borowski01","5a35cb56-e088-4b6e-81fe-4faf14f4baa2","image://v1/e9a9d1_1a4d24a07003402880227dc948216f15~mv2.jpg/625_318/Borowski01%5B1%5D.jpg","be9822dc-47d3-4521-a43d-046f088216cc",2018-09-23T12:57:01Z,2018-09-23T13:34:29Z,"e9a9d102-1095-453d-930e-6b1fe39afdfa",
"Referentie - LandinoII01","fe40962e-444c-4c30-b6b6-433a383c667e","image://v1/e9a9d1_712e128435b5411cbe4e0b633604a748~mv2.jpg/625_318/LandinoII01%5B1%5D.jpg","3fdbdf8e-463c-4d7a-9af9-146d6c13caa9",2018-09-23T12:56:05Z,2018-09-23T13:34:51Z,"e9a9d102-1095-453d-930e-6b1fe39afdfa",
"Referentie - LandinoI01","1c2effb2-d334-4d84-9626-6304a56a8cb5","image://v1/e9a9d1_d09a82b4d61a4c429bf43d526596a94d~mv2.jpg/625_318/LandinoI01%5B1%5D.jpg","f4d406d1-a4f4-4c34-a4f3-bbf05b707636",2018-09-23T12:49:19Z,2018-09-23T13:35:04Z,"e9a9d102-1095-453d-930e-6b1fe39afdfa",
"Referentie - Indy01","19e74dec-0a8a-422e-8f3a-104c2510b576","image://v1/e9a9d1_c11d826efe104e5dad0f2a7a833246dd~mv2.jpg/625_318/Indy01%5B1%5D.jpg","41e93af7-1430-45e9-a4f6-5d5203c5a305",2018-09-23T12:48:17Z,2018-09-23T13:35:15Z,"e9a9d102-1095-453d-930e-6b1fe39afdfa",
"Referentie - Lasso01","2efba68f-a910-49e4-9f68-a3cac6260269","image://v1/e9a9d1_7bafe0cd476f4d7695df516e4fa5cc4b~mv2.jpg/625_318/Lasso01%5B1%5D.jpg","e78aac3c-4503-4d75-a36d-6bdf3676b5dc",2018-09-23T12:47:33Z,2018-09-23T13:35:27Z,"e9a9d102-1095-453d-930e-6b1fe39afdfa",
"Referentie - Cimarosa01","4990155b-62a4-411a-9a40-14f642f24afa","image://v1/e9a9d1_4360ff1f9ceb4649b56ec427ca606a3f~mv2.jpg/625_318/Cimarosa01%5B1%5D.jpg","82f97a90-72f4-4754-81b6-6a8506fa52b6",2018-09-23T12:46:47Z,2018-09-23T13:35:35Z,"e9a9d102-1095-453d-930e-6b1fe39afdfa",
"Referentie - Frescobaldi01","7dc301f8-00a9-495e-8a52-75e25947eabc","image://v1/e9a9d1_116f4775e2624496bef6a42f736462fc~mv2.jpg/625_318/Frescobaldi01%5B1%5D.jpg","22e15726-1301-4b3a-919c-2471a5d1a617",2018-09-23T12:45:52Z,2018-09-23T13:35:54Z,"e9a9d102-1095-453d-930e-6b1fe39afdfa",
"Referentie - LlydaI03","81d2bd96-f6a3-4ec5-beb4-4b09f429a298","image://v1/e9a9d1_5d9b8ba12a7b4278878edec85301399c~mv2.jpg/625_318/LlydaI03%5B1%5D.jpg","e0139a42-d05b-4045-aaa1-32ad2f97a4c1",2018-09-23T12:45:05Z,2018-09-23T13:36:01Z,"e9a9d102-1095-453d-930e-6b1fe39afdfa",
"Referentie - LlydaI02","81d2bd96-f6a3-4ec5-beb4-4b09f429a298","image://v1/e9a9d1_b19a2a69694644c58a1d27605e5f7e8d~mv2.jpg/625_318/LlydaI02%5B1%5D.jpg","bcc34fcf-4359-4cb6-bcd5-8e1512578e05",2018-09-23T12:43:32Z,2018-09-23T13:36:04Z,"e9a9d102-1095-453d-930e-6b1fe39afdfa",
"Referentie - LlydaI01","81d2bd96-f6a3-4ec5-beb4-4b09f429a298","image://v1/e9a9d1_67c0a38a6cb6402a8273d7fd04436663~mv2.jpg/625_318/LlydaI01%5B1%5D.jpg","ed279f11-c26e-4716-b411-8201f7879bc5",2018-09-23T12:42:06Z,2018-09-23T13:36:07Z,"e9a9d102-1095-453d-930e-6b1fe39afdfa",
"Referentie - Leoncavallo01","727498b4-c35f-4b1d-bec8-0a3a398e7370","image://v1/e9a9d1_863388ff121e4bed8bed04e85caffa62~mv2.jpg/625_318/Leoncavallo01%5B1%5D.jpg","6a10ad65-e4ed-4198-89bb-9d3e6cc7adf4",2018-09-23T12:40:27Z,2018-09-23T13:36:14Z,"e9a9d102-1095-453d-930e-6b1fe39afdfa",
"Referentie - VonKarajan01","0c6c24b2-2762-4104-b5cb-995e4442107b","image://v1/e9a9d1_3141629adcba4255870e7ae365fd7878~mv2.jpg/625_318/VonKarajan01%5B1%5D.jpg","a5b5b281-e9e5-4007-a52a-b8e2abccfbdd",2018-09-23T12:39:30Z,2018-09-23T13:36:29Z,"e9a9d102-1095-453d-930e-6b1fe39afdfa",
"Referentie - Boccherini01","31f09ce3-6f34-49e3-b41b-e43408d8a56b","image://v1/e9a9d1_473c0382338345948fba485aed42bfc5~mv2.jpg/625_318/Boccherini01%5B1%5D.jpg","ef0bacb5-0b29-4e05-a27f-9c5bd7304315",2018-09-23T12:38:42Z,2018-09-23T13:36:39Z,"e9a9d102-1095-453d-930e-6b1fe39afdfa",
"Referentie - SchutzSatie01","7e8b775d-456d-434a-830a-5f9f84bb9e44","image://v1/e9a9d1_ab437dbb2e3640faac538c7dccc085a4~mv2.jpg/625_318/SchutzSatie01%5B1%5D.jpg","8a8bfe9f-aede-49c1-8337-3aa3b133760e",2018-09-23T12:37:59Z,2018-09-23T13:36:52Z,"e9a9d102-1095-453d-930e-6b1fe39afdfa",
"Referentie - Donizetti01","c1b92c60-de4b-436d-9863-7968858f4b3a","image://v1/e9a9d1_cdad4d3e16b34afcafd91a7c7cff077c~mv2.jpg/625_318/Donizetti01%5B1%5D.jpg","40747ffc-b1e1-4248-92a7-be1349439ecb",2018-09-23T12:37:10Z,2018-09-23T13:33:27Z,"e9a9d102-1095-453d-930e-6b1fe39afdfa",
"Referentie - Vivaldi01","d6a12d56-b718-44b0-bebd-b775a6d26fa9","image://v1/e9a9d1_2da3732dfce540a8bf42a754aa1f5fc8~mv2.jpg/625_318/Vivaldi01%5B1%5D.jpg","4979bdd7-5b6e-4b2d-adad-302d1ca253dd",2018-09-23T12:36:27Z,2018-09-23T13:33:16Z,"e9a9d102-1095-453d-930e-6b1fe39afdfa",
"Referentie - Puccini01","9bd7eda3-17e7-4afd-af7a-f31541c4de55","image://v1/e9a9d1_27e9078d814f48378d621e4f2de721ef~mv2.jpg/625_318/Puccini01%5B1%5D.jpg","00972780-01e2-4a0e-a9cb-2770929404cd",2018-09-23T12:35:39Z,2018-09-23T13:32:53Z,"e9a9d102-1095-453d-930e-6b1fe39afdfa",
"Referentie - TootsThielemans01","50c1bb99-330c-40bb-bafe-1b924cd8b98d","image://v1/e9a9d1_d91d276ae6ac40ab875a369a79100a1b~mv2.jpg/625_318/TootsThielemans01%5B1%5D.jpg","1bc29bab-626b-42fa-ba0e-27b48249823e",2018-09-23T12:34:31Z,2018-09-23T13:32:40Z,"e9a9d102-1095-453d-930e-6b1fe39afdfa",
"Referentie - Honegger01","3d699466-77dd-41f8-9407-9d77c57ab5c5","image://v1/e9a9d1_e67f6d4ddab642c89ecb08ef3437f8cd~mv2.jpg/625_318/Honegger01%5B1%5D.jpg","17a6e3ab-2ed4-4be2-b0fb-9998d8a58aaf",2018-09-23T12:33:40Z,2018-09-23T13:32:25Z,"e9a9d102-1095-453d-930e-6b1fe39afdfa",
"Referentie - Schonberg01","4d18ac04-5842-4c0c-a72c-ec9f6fc51abb","image://v1/e9a9d1_1ae9683d44504aef9625f4105f0ba7cf~mv2.jpg/625_318/Schonberg01%5B1%5D.jpg","343ad67a-5e0e-40f6-8aa0-7cb95d6fab36",2018-09-23T12:32:46Z,2018-09-23T13:32:16Z,"e9a9d102-1095-453d-930e-6b1fe39afdfa",
"Referentie - Bellini01","a64d263b-d6ec-4cd2-b5dc-c373cdbadebb","image://v1/e9a9d1_102340953d7f42068c98386509acacb7~mv2.jpg/625_318/Bellini01%5B1%5D.jpg","4ed1ae49-2c71-4a29-82f2-29d373413e5b",2018-09-23T12:30:46Z,2018-09-23T13:32:05Z,"e9a9d102-1095-453d-930e-6b1fe39afdfa",
"Referentie - Smetana01","0788d154-74b0-4ec8-bfda-1ca271272295","image://v1/e9a9d1_641c6933fd05464ebb283a9cacc535f5~mv2.jpg/625_318/Smetana01%5B1%5D.jpg","9816e46d-c6d0-47b7-9de1-0dd0450b1703",2018-09-23T12:30:00Z,2018-09-23T13:31:56Z,"e9a9d102-1095-453d-930e-6b1fe39afdfa",
"Referentie - Sibelius01","f2865073-153b-409f-8f3f-f2de772960f9","image://v1/e9a9d1_affe175e9c3e4323bf6d7e72cb239ada~mv2.jpg/625_318/Sibelius01%5B1%5D.jpg","fd2067d6-83f0-441d-8074-1b911f6e9a53",2018-09-23T12:29:09Z,2018-09-23T13:31:41Z,"e9a9d102-1095-453d-930e-6b1fe39afdfa",
"Referentie - Monteverdi01","58bbb6b9-b02b-41ae-ae9c-e1069f9591f8","image://v1/e9a9d1_cac3911ab2d94f00996cabb8f2c0ba2e~mv2.jpg/625_318/Monteverdi01%5B1%5D.jpg","806b21c9-b1ef-4fd3-bdd9-770a3a2c184c",2018-09-23T12:27:20Z,2018-09-23T13:31:21Z,"e9a9d102-1095-453d-930e-6b1fe39afdfa",
"Referentie - Verdi01","07e205b8-9257-4eeb-b376-204b77311f14","image://v1/e9a9d1_05b3927949dc43dba7318fa95ac65ac3~mv2.jpg/625_318/Verdi01%5B1%5D.jpg","5e55f45f-4022-4bcb-b4eb-6143c33c9cef",2018-09-23T12:26:26Z,2018-09-23T13:31:09Z,"e9a9d102-1095-453d-930e-6b1fe39afdfa",
"Referentie - Gabrieli02","52e24d72-beec-456d-9e64-673aa981b13e","image://v1/e9a9d1_7e700d53de9044a6b7273c6ef44ef06a~mv2.jpg/625_318/Gabrieli02%5B1%5D.jpg","195148ab-e12a-43c1-b69e-0f05ae444db5",2018-09-23T12:25:27Z,2018-09-23T13:30:56Z,"e9a9d102-1095-453d-930e-6b1fe39afdfa",
"Referentie - Gabrieli01","52e24d72-beec-456d-9e64-673aa981b13e","image://v1/e9a9d1_e28c65922d394128aede0928a0588641~mv2.jpg/625_318/Gabrieli01%5B1%5D.jpg","92f33adb-1917-4e67-8015-b22c5070d7ec",2018-09-23T12:24:37Z,2018-09-23T13:30:45Z,"e9a9d102-1095-453d-930e-6b1fe39afdfa",
"Referentie - Handel01","2a1aa62d-d670-4154-a654-a72a77cb4a66","image://v1/e9a9d1_6def3e90a0564fa4b00dc978ede8f83e~mv2.jpg/625_318/Handel01%5B1%5D.jpg","4adf1e57-df08-458f-8c59-ec8392ed2f74",2018-09-23T12:23:47Z,2018-09-23T12:24:37Z,"e9a9d102-1095-453d-930e-6b1fe39afdfa",
"Referentie - Wagner01","044a55cf-f0fb-40ef-bb0d-1c6125d29457","image://v1/e9a9d1_23350e25e51f488491ff6ea8b4d06ef0~mv2.jpg/625_318/Wagner01%5B1%5D.jpg","a5e40934-9eac-47c2-8fe0-6febd3fbb3f9",2018-09-23T12:17:27Z,2018-09-23T12:18:17Z,"e9a9d102-1095-453d-930e-6b1fe39afdfa",
"Referentie - Katchaturian01","9ef7a1c6-4787-49af-90c7-2fdbfee7dfbd","image://v1/e9a9d1_8bdda425b8c8423db21dcd7b3c38e14e~mv2.jpg/625_318/Katchaturian01%5B1%5D.jpg","c27c2055-79ae-4a18-bf4d-8567eb4d49b6",2018-09-23T12:16:28Z,2018-09-23T12:17:24Z,"e9a9d102-1095-453d-930e-6b1fe39afdfa",
"Referentie - Wolf01","e0fa53e3-6358-4b56-8a7f-20d3bc589555","image://v1/e9a9d1_d68b1b59de5c4a34b2d42ca612d863e7~mv2.jpg/627_318/Wolf01%5B1%5D.jpg","4b73ed7a-5e33-46cb-831d-b5e69a70299f",2018-09-23T12:15:30Z,2018-09-23T12:16:26Z,"e9a9d102-1095-453d-930e-6b1fe39afdfa",
"Referentie - Ravel01","9362f756-6d60-43e1-be16-7ca4940a3c7e","image://v1/e9a9d1_f6c3fe12473148799cb653e0433012f5~mv2.jpg/625_318/Ravel01%5B1%5D.jpg","6a351a55-a8fd-4948-8446-32769dc61d69",2018-09-23T12:14:34Z,2018-09-23T12:15:26Z,"e9a9d102-1095-453d-930e-6b1fe39afdfa",
"Referentie - Liszt01","e614c21d-8dfc-443a-9a0b-89499f6af8c7","image://v1/e9a9d1_b6e8a96196214724ba591ad72fefb9cf~mv2.jpg/625_318/Liszt01%5B1%5D.jpg","b8a504f1-acb4-4e30-9fc6-33b9a2371bbd",2018-09-23T12:13:43Z,2018-09-23T12:14:32Z,"e9a9d102-1095-453d-930e-6b1fe39afdfa",
"Referentie - Ziblat01","f4595b97-2f26-44c6-995b-47706c2be1eb","image://v1/e9a9d1_eea5db12969c48d19a953f384cae90ca~mv2.jpg/625_318/Ziblat01%5B1%5D.jpg","af9f1bd5-6b4d-48e1-b938-72915cff3d21",2018-09-23T12:12:40Z,2018-09-23T12:13:40Z,"e9a9d102-1095-453d-930e-6b1fe39afdfa",
"Referentie - Scarletti01","f2a1c816-2df1-41a5-8ba2-48a26a1b7b26","image://v1/e9a9d1_aa002bb043f3416ab36ebc27f767a49c~mv2.jpg/625_318/Scarletti01%5B1%5D.jpg","dca1f0f2-41f1-4652-83e1-5d53ae7c183f",2018-09-23T12:11:32Z,2018-09-23T12:12:37Z,"e9a9d102-1095-453d-930e-6b1fe39afdfa",
"Referentie - Tsjaikovski01","efcfb381-d3b0-4e79-9089-9580ebfbc0e3","image://v1/e9a9d1_60d72f063a9e4b85b907be1dadb9ca38~mv2.jpg/625_318/Tsjaikovski01%5B1%5D.jpg","8d8e3d53-2287-4ebe-ac59-decb1bbc994f",2018-09-23T12:10:28Z,2018-09-23T12:11:30Z,"e9a9d102-1095-453d-930e-6b1fe39afdfa",
"Referentie - Bizet01","6b4299d1-56f0-4910-92da-fbb0138d9631","image://v1/e9a9d1_a611f85311a947b09a0213532e05eddd~mv2.jpg/625_318/Bizet01%5B1%5D.jpg","9d7c7fcd-656e-48a0-b9d8-3de12fb7a7a0",2018-09-23T12:09:33Z,2018-09-23T12:10:25Z,"e9a9d102-1095-453d-930e-6b1fe39afdfa",
"Referentie - DeGeyter01","a8e40ea6-1533-4227-9d57-cf3308125ba5","image://v1/e9a9d1_5d2a8c3445f045d2b83dbd81e781c2c2~mv2.jpg/625_318/DeGeyter01%5B1%5D.jpg","d54d0dcf-6aaa-41f4-8d7f-b0dae0fe4d7a",2018-09-23T12:08:31Z,2018-09-23T12:09:30Z,"e9a9d102-1095-453d-930e-6b1fe39afdfa",
"Referentie - Stockhausen02","03516957-5d09-4dce-8a2f-731074baa39e","image://v1/e9a9d1_3c3fcd8b3ed04c27bacbd3abce24e29a~mv2.jpg/625_318/Stockhausen02%5B1%5D.jpg","39a09328-aa68-4fd0-ae84-37164f0ff8dd",2018-09-23T12:07:02Z,2018-09-23T12:08:13Z,"e9a9d102-1095-453d-930e-6b1fe39afdfa",
"Referentie - Stockhausen01","03516957-5d09-4dce-8a2f-731074baa39e","image://v1/e9a9d1_57ab6bfa005a4e3a9c068bfb4acecf3d~mv2.jpg/625_318/Stockhausen01%5B1%5D.jpg","7c41f2e6-437b-4177-942c-44f8283a2af3",2018-09-23T12:05:58Z,2018-09-23T12:06:58Z,"e9a9d102-1095-453d-930e-6b1fe39afdfa",
"Referentie - llydaVI","459bd70e-0ff8-4873-8972-57547f427d1b","image://v1/e9a9d1_f1266f64686f47c18f2dcd7b87fd3d52~mv2.jpg/625_318/llydaVI%5B1%5D.jpg","748b2484-af17-489f-a1eb-d6a5998905b4",2018-09-23T12:04:26Z,2018-09-23T12:05:51Z,"e9a9d102-1095-453d-930e-6b1fe39afdfa",
"Referentie - copland","3effde40-3c5d-4961-86c7-577303d2b905","image://v1/e9a9d1_e92a1c90c1784d51aafe4bbbb8e1a8af~mv2.jpg/625_318/copland%5B1%5D.jpg","e2f2c49c-70d9-484e-ad92-f6cdfac85e8d",2018-09-23T12:03:33Z,2018-09-23T12:04:27Z,"e9a9d102-1095-453d-930e-6b1fe39afdfa",
"Referentie - ines","257fa1b2-2d0e-4c9b-b8c2-808465c39ac5","image://v1/e9a9d1_fea3408ef70f497883bdca6ef2e67060~mv2.jpg/625_318/ines%5B1%5D.jpg","0735bd51-7527-49ea-b345-9f7d5b77f5da",2018-09-23T12:02:37Z,2018-09-23T12:03:30Z,"e9a9d102-1095-453d-930e-6b1fe39afdfa",
"Referentie - llydaV","0c77ba2b-c36e-4da7-9b95-6ab37084c49c","image://v1/e9a9d1_876427df1f0749ab9539e4543cad02f7~mv2.jpg/625_318/llydaV%5B1%5D.jpg","37e6c146-8225-4400-815d-69d2d6f3db28",2018-09-23T12:01:31Z,2018-09-23T12:02:38Z,"e9a9d102-1095-453d-930e-6b1fe39afdfa",
"Referentie - polanski","db9f6791-afd3-4815-b16e-96bf9f1cf9e2","image://v1/e9a9d1_2835146ba593429bb77d31b92250921d~mv2.jpg/625_318/polanski%5B1%5D.jpg","455c81f8-d4b7-4c02-958f-c9424ab39047",2018-09-23T12:00:29Z,2018-09-23T12:01:32Z,"e9a9d102-1095-453d-930e-6b1fe39afdfa",
"Referentie - glink","b5f2a8b9-24dc-48e6-9666-0976d83d779b","image://v1/e9a9d1_24c0d1664b6e40a2997cba2e8f84e155~mv2.jpg/625_318/glink%5B1%5D.jpg","7d344358-c2ee-49b2-805f-360bdab18b7f",2018-09-23T11:59:30Z,2018-09-23T12:00:25Z,"e9a9d102-1095-453d-930e-6b1fe39afdfa",
"Referentie - bartok","8ae1bcdd-bcbc-4883-930b-9d094b71e40c","image://v1/e9a9d1_971debf2a273453f86c4c15d69c796b6~mv2.jpg/625_318/bartok%5B1%5D.jpg","462810d4-210d-49ab-b2c7-5903061811ce",2018-09-23T11:44:31Z,2018-09-23T11:59:31Z,"e9a9d102-1095-453d-930e-6b1fe39afdfa",
"Inplanting","e3493daa-24c0-46c9-976a-b424e4408188","image://v1/50f021_bff33c1df3294c7d814ffa6dc7f4f600~mv2.jpg/497_375/sponsoring06%5B1%5D.jpg","d26e5489-cefd-4880-937c-628e84572984",2018-09-20T13:37:39Z,2018-09-20T13:40:45Z,"50f02154-94d5-4c7c-8e73-8b2dba86bb90",
,"d695f14a-785e-4ec6-b80f-c57d139fab80","image://v1/e9a9d1_110de518d30d488fbeaff4fa31434828~mv2.jpg/841_1280/voorgevel%20Ysaye.jpg","6fd4bfb3-41a5-4e44-8db5-16a8c876b380",2018-09-20T12:40:23Z,2018-09-20T12:40:55Z,"e9a9d102-1095-453d-930e-6b1fe39afdfa",
"Test beeld 2","d695f14a-785e-4ec6-b80f-c57d139fab80","image://v1/e9a9d1_10a1553064814a0b957bed02f0e3be87~mv2.jpg/841_1280/voorgevel%20Ysaye.jpg","d7600a59-a737-479c-a399-bf9510213c96",2018-09-20T12:04:25Z,2018-09-20T12:05:54Z,"e9a9d102-1095-453d-930e-6b1fe39afdfa",
"Test beeld 1","d695f14a-785e-4ec6-b80f-c57d139fab80","image://v1/e9a9d1_d4f16dddac4b40f98a0dd6fb65873cb9~mv2.jpg/852_1280/achtergevel%20Ysaye.jpg","c14f61cc-9662-4ecc-8853-a2c70296e168",2018-09-20T12:03:58Z,2018-09-20T12:05:51Z,"e9a9d102-1095-453d-930e-6b1fe39afdfa",
"Accolay Demo2","ca722b00-fca7-4b20-b70d-98b614f243dc","image://v1/50f021_c9757082074c49bb80da28ad6015fe92~mv2.png/703_853/Accolay_verd3b.png","c5ae6eee-9c73-41f8-acfa-b3d65d450d73",2018-09-18T12:36:51Z,2018-09-18T12:37:38Z,"50f02154-94d5-4c7c-8e73-8b2dba86bb90",
"Accolay Demo1","ca722b00-fca7-4b20-b70d-98b614f243dc","image://v1/50f021_c6543c9bbba4417f9e0871cab599ba58~mv2.png/707_855/Accolay_verd3.png","035570ac-b342-42d5-a515-840cb6a4df6d",2018-09-18T12:35:27Z,2018-09-18T12:36:51Z,"50f02154-94d5-4c7c-8e73-8b2dba86bb90",
"Accolay Demo VIRTUEEL BEZOEK","ca722b00-fca7-4b20-b70d-98b614f243dc","image://v1/50f021_fcb9ccf577a745d38403e614f76b9b8d~mv2.png/1141_921/Accolay.png","e103999f-7058-4c55-b6dd-1a6194e1feb7",2018-09-18T04:23:08Z,2018-09-18T12:39:24Z,"50f02154-94d5-4c7c-8e73-8b2dba86bb90","https://vrmedia.shapespark.com/merchtem_accolay/"
"inplanting","f818c958-3e8e-47f6-b37e-efcc0b6e397b","image://v1/50f021_e6acd86b1e4c442d8a9be41938b5c2c5~mv2.jpg/350_200/inplanting%5B1%5D.jpg","dc0d18c0-bab9-43bd-bf9a-cdcd6ddd3dc9",2018-09-16T10:12:08Z,2018-09-16T10:12:55Z,"50f02154-94d5-4c7c-8e73-8b2dba86bb90",
"bleukenweg","afc5a9fc-8bc8-4217-8381-d27676e72f84","image://v1/50f021_de44c13386174d59ae226cfc3df52b1e~mv2.jpg/350_200/bleukenweg%5B1%5D.jpg","64f134bc-5718-4129-94f1-5fe472a028b2",2018-09-16T10:11:16Z,2018-09-16T10:12:08Z,"50f02154-94d5-4c7c-8e73-8b2dba86bb90",
"Voorgevel","8ac5e53d-5930-444a-9c3e-2f2dc91058a9","image://v1/50f021_05b9b383301849bfa63c47460cb437a5~mv2.jpg/350_200/Voorgevel%5B1%5D.jpg","6c527bc1-e2f7-44a5-8ada-5f233f868a84",2018-09-16T10:09:56Z,2018-09-16T10:10:52Z,"50f02154-94d5-4c7c-8e73-8b2dba86bb90",
"Voorgevel","eae38fa4-20f1-4b87-af3d-c931bdb0aaa1","image://v1/50f021_6d4699606ac749aa95bbf3d9b6a66503~mv2.jpg/350_200/Voorgevel%5B1%5D.jpg","572fbdd3-f388-4025-a0ed-cfcd9aea962f",2018-09-16T10:08:00Z,2018-09-16T10:09:57Z,"50f02154-94d5-4c7c-8e73-8b2dba86bb90",
"Voorgevel","28203d81-4fe0-43bd-abc5-ab65dd38b9ac","image://v1/50f021_2ccf5f39944647dd970003e3a4862559~mv2.jpg/350_200/Voorgevel%5B1%5D.jpg","6216c11f-fe33-4227-a1a1-adf1129d9f75",2018-09-16T10:02:30Z,2018-09-16T10:08:00Z,"50f02154-94d5-4c7c-8e73-8b2dba86bb90",
"Voorgevel","d10cff60-8841-4620-a17a-94f4b412b5e5","image://v1/50f021_5bb8e9bd9a07406293e27a61bf287c69~mv2.jpg/350_200/Voorgevel%5B1%5D.jpg","bbd49166-9c8c-4ebc-a388-e8e674ea9977",2018-09-16T10:02:29Z,2018-09-16T10:06:10Z,"50f02154-94d5-4c7c-8e73-8b2dba86bb90",
"Foto4","d10cff60-8841-4620-a17a-94f4b412b5e5","image://v1/50f021_6cb6317b88a1409991a3fe287f04498d~mv2.jpg/350_200/foto4%5B1%5D.jpg","2ec66b6e-5828-431c-b729-da64b0eaf5ee",2018-09-16T10:02:27Z,2018-09-16T10:06:04Z,"50f02154-94d5-4c7c-8e73-8b2dba86bb90",
"Foto3","d10cff60-8841-4620-a17a-94f4b412b5e5","image://v1/50f021_145427658c704f219f00be1c879440aa~mv2.jpg/350_200/foto3%5B3%5D.jpg","5f7a56e5-f751-4a34-9ff4-ad3a2a74c6b2",2018-09-16T10:02:26Z,2018-09-16T10:05:59Z,"50f02154-94d5-4c7c-8e73-8b2dba86bb90",
"Foto2","d10cff60-8841-4620-a17a-94f4b412b5e5","image://v1/50f021_62fef4a2b8714ef1a15e2b2cc60bf98c~mv2.jpg/350_200/foto2%5B3%5D.jpg","f98a22ba-fa13-483a-8fdd-2afc87fe8697",2018-09-16T10:02:24Z,2018-09-16T10:05:31Z,"50f02154-94d5-4c7c-8e73-8b2dba86bb90",
"Foto1","d10cff60-8841-4620-a17a-94f4b412b5e5","image://v1/50f021_3a51ae14644a4436bfccb20ebd8245fe~mv2.jpg/350_200/foto1%5B3%5D.jpg","3161b3fa-68a8-4d00-ada6-f87a0332b785",2018-09-16T10:01:39Z,2018-09-16T10:05:25Z,"50f02154-94d5-4c7c-8e73-8b2dba86bb90",
"Foto5","4a2d1273-2927-43c6-a559-3f1bb2815589","image://v1/50f021_7f012e8f99ec4c92991fccb826ab3f89~mv2.jpg/350_200/foto5%5B1%5D.jpg","9bd45642-91bd-4f64-906e-d701be88fad4",2018-09-16T09:59:00Z,2018-09-16T10:01:34Z,"50f02154-94d5-4c7c-8e73-8b2dba86bb90",
"Foto3","4a2d1273-2927-43c6-a559-3f1bb2815589","image://v1/50f021_9cc92f8dfae54334b3b7e1dc797799ba~mv2.jpg/350_200/foto3%5B1%5D.jpg","5b75156f-38b0-460b-8f63-36f97c6f9373",2018-09-16T09:58:59Z,2018-09-16T10:01:29Z,"50f02154-94d5-4c7c-8e73-8b2dba86bb90",
"Foto2","4a2d1273-2927-43c6-a559-3f1bb2815589","image://v1/50f021_0147bc5af2c94f9c9211f285df317399~mv2.jpg/350_200/foto2%5B1%5D.jpg","45f7d550-0402-4b26-a628-bbb5f0ed99c8",2018-09-16T09:58:57Z,2018-09-16T10:01:26Z,"50f02154-94d5-4c7c-8e73-8b2dba86bb90",
"Foto1","4a2d1273-2927-43c6-a559-3f1bb2815589","image://v1/50f021_9d5fa091a9bb45d0aed71144d924bb4a~mv2.jpg/350_200/foto1%5B1%5D.jpg","a843fef9-b0e8-4f70-8dd4-f5b09d29bada",2018-09-16T09:58:56Z,2018-09-16T10:01:20Z,"50f02154-94d5-4c7c-8e73-8b2dba86bb90",
"Image1","d2cd6d5a-0066-4deb-acac-1b450c051d9f","image://v1/50f021_7983c7e678fb495caad3484337f74b11~mv2.jpg/350_200/image1%5B1%5D.jpg","a671e65b-de56-41ef-955a-15a0347c8138",2018-09-16T09:55:10Z,2018-09-16T09:56:32Z,"50f02154-94d5-4c7c-8e73-8b2dba86bb90",
"Bureel3","d2cd6d5a-0066-4deb-acac-1b450c051d9f","image://v1/50f021_4678572069b2457c8f4be8a35394c402~mv2.jpg/350_200/Bureel3%5B1%5D.jpg","476c48b6-36c8-41da-b7b2-af75f353914a",2018-09-16T09:54:34Z,2018-09-16T09:56:29Z,"50f02154-94d5-4c7c-8e73-8b2dba86bb90",
"Bureel2","d2cd6d5a-0066-4deb-acac-1b450c051d9f","image://v1/50f021_a3b4b64728694e84bb4544c342b7c640~mv2.jpg/350_200/Bureel2%5B1%5D.jpg","11427c16-c2c1-4422-9dba-552d64ef51d6",2018-09-16T09:53:35Z,2018-09-16T09:56:19Z,"50f02154-94d5-4c7c-8e73-8b2dba86bb90",
"Bureel1","d2cd6d5a-0066-4deb-acac-1b450c051d9f","image://v1/50f021_9e3bcde972dd45979ca4928d2a635ff9~mv2.jpg/350_200/Bureel1%5B1%5D.jpg","0de219c0-d71b-4287-8e34-a13be35f59e4",2018-09-16T09:53:13Z,2018-09-16T09:56:16Z,"50f02154-94d5-4c7c-8e73-8b2dba86bb90",
"Atelier7","9f3eaaac-df16-4c07-911a-41ce8fc19755","image://v1/50f021_12e0725ae6524c3382d99a40918d2164~mv2.jpg/111_200/atelier7%5B1%5D.jpg","7d938438-50e8-4050-80ec-82f744e65046",2018-09-16T09:48:50Z,2018-09-16T09:50:11Z,"50f02154-94d5-4c7c-8e73-8b2dba86bb90",
"Atelier5","9f3eaaac-df16-4c07-911a-41ce8fc19755","image://v1/50f021_ca73565438f7428c886e0088ce55d289~mv2.jpg/266_200/atelier5%5B1%5D.jpg","2fe0287d-59d9-4878-bc5c-b5ce47d17a33",2018-09-16T09:48:23Z,2018-09-16T09:50:06Z,"50f02154-94d5-4c7c-8e73-8b2dba86bb90",
"Atelier3","9f3eaaac-df16-4c07-911a-41ce8fc19755","image://v1/50f021_624260bfec2143c5acce342d073b5db7~mv2.jpg/350_200/atelier3%5B1%5D.jpg","8ddadbe9-5098-467a-a951-8105dc37c03a",2018-09-16T09:47:31Z,2018-09-16T09:49:57Z,"50f02154-94d5-4c7c-8e73-8b2dba86bb90",
"Atelier2","9f3eaaac-df16-4c07-911a-41ce8fc19755","image://v1/50f021_24085bbcc90540a6b6a24ef0570d2db2~mv2.jpg/350_200/atelier2%5B1%5D.jpg","d9a1b998-19a0-4f78-ab96-be3452b6e843",2018-09-16T09:47:08Z,2018-09-16T09:49:54Z,"50f02154-94d5-4c7c-8e73-8b2dba86bb90",
"Atelier1","9f3eaaac-df16-4c07-911a-41ce8fc19755","image://v1/50f021_f57961a300034d1d9319cae08ac239f1~mv2.jpg/350_200/atelier1%5B1%5D.jpg","e67f7284-48e0-4e53-bb20-9ba0b3232574",2018-09-16T09:46:21Z,2018-09-16T09:47:09Z,"50f02154-94d5-4c7c-8e73-8b2dba86bb90",
"Atelierbuitenkant","9f3eaaac-df16-4c07-911a-41ce8fc19755","image://v1/50f021_1c1f889208844d19b1c8490548415cea~mv2.jpg/350_200/Atelierbuitenkant%5B1%5D.jpg","3ae1fde6-4ca3-402b-a9f3-a8f8abb2c1b2",2018-09-16T09:45:35Z,2018-09-16T09:46:21Z,"50f02154-94d5-4c7c-8e73-8b2dba86bb90",
"Tuinatelier","9f3eaaac-df16-4c07-911a-41ce8fc19755","image://v1/50f021_d4e8bffd7f1641e3895916db244e236c~mv2.jpg/350_200/tuinatelier%5B1%5D.jpg","c8c9c917-507b-4720-a294-5dba79ddfe59",2018-09-16T09:44:35Z,2018-09-16T09:45:36Z,"50f02154-94d5-4c7c-8e73-8b2dba86bb90",
"Svendsen01","37945a36-d545-4bb8-8778-ec710b6dc6d6","image://v1/50f021_2ac9c1fa43d24982b195feff2b86348d~mv2.jpg/377_267/Svendsen01%5B1%5D.jpg","7757dcea-8feb-45e4-8a67-cfce7b061740",2018-09-14T12:09:13Z,2018-09-14T12:09:47Z,"50f02154-94d5-4c7c-8e73-8b2dba86bb90",
"Svendsen01","267e256d-6ca6-4c77-ae52-0e00a4f55c68","image://v1/50f021_2ac9c1fa43d24982b195feff2b86348d~mv2.jpg/377_267/Svendsen01%5B1%5D.jpg","a443668a-4c1f-4f63-8e26-ef6f98a438a7",2018-09-14T12:09:06Z,2018-09-14T12:09:38Z,"50f02154-94d5-4c7c-8e73-8b2dba86bb90",
"Svendsen01","49d2bdbd-3a9c-4251-9781-f346f6e616eb","image://v1/50f021_2ac9c1fa43d24982b195feff2b86348d~mv2.jpg/377_267/Svendsen01%5B1%5D.jpg","4ce90828-f2d7-4a11-8057-df7fa6a5a3c8",2018-09-14T12:08:11Z,2018-09-14T12:09:07Z,"50f02154-94d5-4c7c-8e73-8b2dba86bb90",
"inritparkeerplaatsen","d84515bb-8cb2-4f18-9581-c8405e765201","image://v1/50f021_1a2955fc205449dd88705ecf43ff47cc~mv2.jpg/350_200/inritparkeerplaatsen%5B1%5D.jpg","e729e97c-48d7-416b-a430-fadd08248baf",2018-09-14T12:02:25Z,2018-09-14T12:03:13Z,"50f02154-94d5-4c7c-8e73-8b2dba86bb90",
"aanduidingstaanplaatsen","d84515bb-8cb2-4f18-9581-c8405e765201","image://v1/50f021_b2ed778c23aa4d489467c143d94341cf~mv2.jpg/350_200/aanduidingstaanplaatsen%5B1%5D.jpg","d18be878-9ff4-4588-84c6-c3f754bb470e",2018-09-14T12:01:44Z,2018-09-14T12:02:26Z,"50f02154-94d5-4c7c-8e73-8b2dba86bb90",
"image1","ac0bb09e-13cc-4d3d-a547-b5990cdf7ca1","image://v1/50f021_e96ef4fbd4c844559102e891ce5ca51c~mv2.jpg/350_200/image1%5B1%5D.jpg","348ffe3c-7bd2-4dc1-85da-40ea4dbef0f6",2018-09-14T11:59:08Z,2018-09-14T11:59:52Z,"50f02154-94d5-4c7c-8e73-8b2dba86bb90",
"P10","ac0bb09e-13cc-4d3d-a547-b5990cdf7ca1","image://v1/50f021_ff6ddc517bc943d896fa46aaeeac6fa7~mv2.jpg/350_200/p10%5B1%5D.jpg","c46ea240-11a5-4e9c-a44b-88855e143902",2018-09-14T11:58:19Z,2018-09-14T11:59:06Z,"50f02154-94d5-4c7c-8e73-8b2dba86bb90",
"P3","ac0bb09e-13cc-4d3d-a547-b5990cdf7ca1","image://v1/50f021_611adc53d4594e10ae80a3f62b863a9f~mv2.jpg/350_200/p3%5B1%5D.jpg","a24e7873-9f56-44f1-881b-cef547c108b8",2018-09-14T11:57:37Z,2018-09-14T11:59:02Z,"50f02154-94d5-4c7c-8e73-8b2dba86bb90",
"Achtergevel","ac0bb09e-13cc-4d3d-a547-b5990cdf7ca1","image://v1/50f021_22facba77fcf434d9a43b8194bf4ebdb~mv2.jpg/350_200/Achtergevel%5B1%5D.jpg","709e1ffb-947c-4b15-b4ba-79a5540d2016",2018-09-14T11:56:12Z,2018-09-14T11:57:20Z,"50f02154-94d5-4c7c-8e73-8b2dba86bb90",
"LlydaMerelbeke04","ba1b6c5c-c3d7-4943-9c56-2c5452eae545","image://v1/50f021_040a9c6cb30e426cafe801a26e2c005c~mv2.jpg/350_200/LlydaMerelbeke04%5B1%5D.jpg","c39f6b12-5a0e-4c1f-b0f7-feb3d973ad7f",2018-09-14T11:34:27Z,2018-09-14T11:44:13Z,"50f02154-94d5-4c7c-8e73-8b2dba86bb90",
"LlydaMerelbeke03","ba1b6c5c-c3d7-4943-9c56-2c5452eae545","image://v1/50f021_91e6ef8afcf94f278d4e5f3dd83bb8fd~mv2.jpg/350_200/LlydaMerelbeke03%5B1%5D.jpg","9bb59979-4212-4d89-aeb8-6fd7ad7d5f2f",2018-09-14T11:34:25Z,2018-09-14T11:36:08Z,"50f02154-94d5-4c7c-8e73-8b2dba86bb90",
"LlydaMerelbeke02","ba1b6c5c-c3d7-4943-9c56-2c5452eae545","image://v1/50f021_6b01d23b8df94fcfb18a9903b46a1b24~mv2.jpg/350_200/LlydaMerelbeke02%5B1%5D.jpg","32e67550-c7c3-47d4-9745-435e845bfeca",2018-09-14T11:33:57Z,2018-09-14T11:36:13Z,"50f02154-94d5-4c7c-8e73-8b2dba86bb90",
"LlydaMerelbeke01","ba1b6c5c-c3d7-4943-9c56-2c5452eae545","image://v1/50f021_6375674da3a44e6ca0eb6a6c4b173dd4~mv2.jpg/350_200/LlydaMerelbeke01%5B1%5D.jpg","4857c957-6d49-4234-8e6f-e6f4c4e3b009",2018-09-14T11:32:13Z,2018-09-14T11:33:48Z,"50f02154-94d5-4c7c-8e73-8b2dba86bb90",
"foto4","17b8c812-67d7-4744-85b5-d2b953244b86","image://v1/50f021_eb099c027c1a47288fdbad548f2e61b2~mv2.jpg/350_200/foto4%5B1%5D.jpg","848f2c0c-3824-44d9-b5c4-fcede609635f",2018-09-14T11:26:27Z,2018-09-14T11:26:56Z,"50f02154-94d5-4c7c-8e73-8b2dba86bb90",
"foto3","17b8c812-67d7-4744-85b5-d2b953244b86","image://v1/50f021_107c3402374548d0bfaed94ed8319247~mv2.jpg/350_200/foto3%5B1%5D.jpg","c8bb5dc7-0595-4fec-b12f-166579ca28a2",2018-09-14T11:25:55Z,2018-09-14T11:26:27Z,"50f02154-94d5-4c7c-8e73-8b2dba86bb90",
"foto2","17b8c812-67d7-4744-85b5-d2b953244b86","image://v1/50f021_8a422936bf8c4d16997f4b99df7aa257~mv2.jpg/350_200/foto2%5B1%5D.jpg","a151326e-8e8b-47cd-9640-01914a4ec145",2018-09-14T11:25:20Z,2018-09-14T11:25:55Z,"50f02154-94d5-4c7c-8e73-8b2dba86bb90",
"foto1","17b8c812-67d7-4744-85b5-d2b953244b86","image://v1/50f021_414989c8be914f8793ad499d35fb06a6~mv2.jpg/350_200/foto1%5B1%5D.jpg","52610ac7-b087-498a-b741-c518bd36fcba",2018-09-14T11:24:10Z,2018-09-14T11:25:21Z,"50f02154-94d5-4c7c-8e73-8b2dba86bb90",
"Interieur","a9380528-772c-403d-bcbe-762d9e7945c1","image://v1/50f021_8431d59508954c8290b03cb3aa0a0659~mv2.jpg/350_200/Interieur%5B1%5D.jpg","101490e6-f877-4f87-bfee-4a79a49d8c66",2018-09-13T16:11:02Z,2018-09-13T16:11:44Z,"50f02154-94d5-4c7c-8e73-8b2dba86bb90",
"Voorgevel","a9380528-772c-403d-bcbe-762d9e7945c1","image://v1/50f021_c9ca36240f5843f4ad28b4c49390c8ed~mv2.jpg/173_267/Spontinivoorgevel%5B1%5D.jpg","dc7d83c4-e64b-4273-9d62-843a9b4a0b4b",2018-09-13T16:09:40Z,2018-09-13T16:11:04Z,"50f02154-94d5-4c7c-8e73-8b2dba86bb90",
"04 - Leefruimte","adae6068-ae7c-47d9-a84b-f3777c988d15","image://v1/50f021_47a0b35c108a46abb09a05e2cafa5123~mv2.jpg/350_200/leefruimte%5B1%5D.jpg","54cfbe28-1f89-4588-a5c2-d2b397e5f0ed",2018-09-13T16:07:18Z,2018-09-23T19:14:25Z,"50f02154-94d5-4c7c-8e73-8b2dba86bb90",
"03 - TheGreen04","adae6068-ae7c-47d9-a84b-f3777c988d15","image://v1/50f021_29a5312c752a456187f0d8a035746fd3~mv2.jpg/350_200/TheGreen04%5B1%5D.jpg","7319d9fd-86c3-4946-9c74-0498513292a8",2018-09-13T16:06:49Z,2018-09-23T19:14:16Z,"50f02154-94d5-4c7c-8e73-8b2dba86bb90",
"02 - Achtergevel","adae6068-ae7c-47d9-a84b-f3777c988d15","image://v1/50f021_d50c37d58b684ea89b390e7d3db8d0f7~mv2.jpg/350_200/Achtergevel%5B1%5D.jpg","8a23ea90-8fbf-4b0c-8718-fd2a6fed885e",2018-09-13T16:06:30Z,2018-09-23T19:14:02Z,"50f02154-94d5-4c7c-8e73-8b2dba86bb90",
"01 - Voorgevel","adae6068-ae7c-47d9-a84b-f3777c988d15","image://v1/50f021_055b413c70624eaf8914c107414074f4~mv2.jpg/350_200/Voorgevel%5B1%5D.jpg","e79c49ff-deaf-4415-81b5-2b47138e89ab",2018-09-13T16:06:02Z,2018-09-23T19:13:58Z,"50f02154-94d5-4c7c-8e73-8b2dba86bb90",
"Albanberg3","638d013d-8dfe-4f7d-ab34-19fcbc617967","image://v1/50f021_2c2909b8dacb4e5b82d073a6e16d6e91~mv2.jpg/350_200/albanberg3%5B1%5D.jpg","22891420-4e99-4e38-823b-fd0edd75940c",2018-09-13T16:05:42Z,2018-09-13T16:06:01Z,"50f02154-94d5-4c7c-8e73-8b2dba86bb90",
"Albanberg2","638d013d-8dfe-4f7d-ab34-19fcbc617967","image://v1/50f021_fa6a4526c3e44e179d5b574d8820a256~mv2.jpg/350_200/albanberg2%5B1%5D.jpg","10514b32-f9a9-4db0-8ca6-809e58b8f553",2018-09-13T16:05:19Z,2018-09-13T16:05:41Z,"50f02154-94d5-4c7c-8e73-8b2dba86bb90",
"Albanberg1","638d013d-8dfe-4f7d-ab34-19fcbc617967","image://v1/50f021_eb975d2f0f8c42e2bb76ee613d377f13~mv2.jpg/350_200/albanberg1%5B1%5D.jpg","ac6c3ff7-76e6-40eb-96c2-81d72a8e2ebf",2018-09-13T16:04:00Z,2018-09-13T16:05:20Z,"50f02154-94d5-4c7c-8e73-8b2dba86bb90",
